,fixture_id,HomeTeam,AwayTeam,comp,odds_home,odds_draw,odds_away,match_Date
0,1557417,Arsenal,Leeds,39,1.3,5.0,9.0,2026-10-10
1,1557419,Chelsea,Bournemouth,39,1.7,4.0,4.2,2026-10-10
2,1557423,Ipswich,Fulham,39,2.75,3.4,2.45,2026-10-10
3,1557418,Aston Villa,Brentford,39,2.6,3.4,2.55,2026-10-10
4,1557426,Sunderland,Brighton,39,2.75,3.3,2.5,2026-10-10
5,1557425,Manchester United,Tottenham,39,1.65,3.9,4.75,2026-10-10
6,1557421,Crystal Palace,Nottingham Forest,39,2.7,3.0,2.62,2026-10-11
7,1557422,Hull City,Everton,39,3.5,3.3,2.05,2026-10-11
8,1557424,Liverpool,Manchester City,39,2.9,3.6,2.2,2026-10-11
9,1557420,Coventry,Newcastle,39,3.25,3.5,2.1,2026-10-12
10,1552775,Lens,Lyon,61,2.15,3.5,3.0,2026-10-09
11,1552776,Lille,Le Havre,61,1.4,4.33,7.5,2026-10-10
12,1552780,Paris Saint Germain,Le Mans,61,1.1,9.5,19.0,2026-10-10
13,1552778,Monaco,Toulouse,61,1.7,3.8,4.33,2026-10-10
14,1552777,Lorient,Paris FC,61,2.75,3.4,2.38,2026-10-10
15,1552774,Stade Brestois 29,Angers,61,1.9,3.5,4.0,2026-10-10
16,1552779,Nice,Strasbourg,61,2.2,3.4,3.0,2026-10-11
17,1552781,Rennes,Auxerre,61,1.4,4.75,7.0,2026-10-11
18,1552782,Estac Troyes,Marseille,61,3.6,3.7,1.9,2026-10-11
19,1575176,Borussia Dortmund,Werder Bremen,78,1.36,5.25,7.0,2026-10-09
20,1575181,FSV Mainz 05,Bayer Leverkusen,78,2.6,3.7,2.35,2026-10-10
21,1575178,1899 Hoffenheim,Hamburger SV,78,1.33,5.25,7.5,2026-10-10
22,1575180,FC Augsburg,Bayern München,78,10.0,6.5,1.22,2026-10-10
23,1575182,Union Berlin,SV Elversberg,78,2.2,3.4,3.0,2026-10-10
24,1575184,SC Paderborn 07,VfB Stuttgart,78,4.5,4.33,1.62,2026-10-10
25,1575177,RB Leipzig,Eintracht Frankfurt,78,1.5,4.5,5.25,2026-10-10
26,1575183,1. FC Köln,Borussia Mönchengladbach,78,1.91,3.8,3.4,2026-10-11
27,1575179,SC Freiburg,FC Schalke 04,78,1.6,3.9,5.0,2026-10-11
28,1570408,Malaga,Espanyol,140,2.4,3.2,3.0,2026-10-09
29,1570410,Rayo Vallecano,Athletic Club,140,2.9,3.4,2.3,2026-10-10
30,1570403,Alaves,Atletico Madrid,140,3.5,3.5,2.0,2026-10-10
31,1570404,Barcelona,Getafe,140,1.05,13.0,34.0,2026-10-10
32,1570411,Real Madrid,Villarreal,140,1.25,6.25,8.5,2026-10-10
33,1570406,Elche,Celta Vigo,140,2.9,3.2,2.4,2026-10-11
34,1570412,Real Sociedad,Deportivo La Coruna,140,1.9,3.5,3.75,2026-10-11
35,1570405,Real Betis,Osasuna,140,1.55,4.0,5.5,2026-10-11
36,1570409,Racing Santander,Valencia,140,1.9,3.6,3.7,2026-10-11
37,1570407,Levante,Sevilla,140,2.55,3.25,2.7,2026-10-12
38,1550140,Genoa,Fiorentina,135,3.0,3.25,2.3,2026-10-10
39,1550141,Inter,Parma,135,1.12,8.0,19.0,2026-10-10
40,1550144,Napoli,Frosinone,135,1.44,4.33,6.5,2026-10-10
41,1550139,Como,AS Roma,135,2.55,3.3,2.62,2026-10-11
42,1550142,Lazio,Monza,135,1.7,3.5,5.25,2026-10-11
43,1550143,Lecce,Bologna,135,3.7,3.4,2.0,2026-10-11
44,1550145,Sassuolo,AC Milan,135,4.5,3.6,1.75,2026-10-11
45,1550138,Cagliari,Juventus,135,6.25,3.7,1.57,2026-10-11
46,1550137,Atalanta,Venezia,135,1.65,3.9,4.75,2026-10-12
47,1550146,Torino,Udinese,135,2.25,3.2,3.2,2026-10-12
48,1552180,PSV Eindhoven,Heerenveen,88,1.22,6.5,9.5,2026-10-09
49,1552182,GO Ahead Eagles,Sparta Rotterdam,88,1.9,3.8,3.5,2026-10-10
50,1552181,Feyenoord,AZ Alkmaar,88,1.8,4.1,3.6,2026-10-10
51,1552184,Fortuna Sittard,Twente,88,6.25,5.0,1.4,2026-10-10
52,1552183,Ajax,NEC Nijmegen,88,1.27,5.5,9.5,2026-10-10
53,1552185,Utrecht,Willem II,88,1.4,4.75,6.5,2026-10-11
54,1552187,PEC Zwolle,Cambuur,88,1.75,3.9,4.0,2026-10-11
55,1552186,Telstar,ADO Den Haag,88,2.05,3.75,3.1,2026-10-11
56,1552188,Excelsior,Groningen,88,2.25,3.6,2.8,2026-10-11
57,1555402,FC Zurich,FC Thun,207,,,,2026-10-10
58,1555401,Servette FC,FC Sion,207,,,,2026-10-10
59,1555403,FC Lugano,FC Luzern,207,,,,2026-10-10
60,1555404,Grasshoppers,BSC Young Boys,207,,,,2026-10-11
61,1555406,FC Vaduz,FC Basel 1893,207,,,,2026-10-11
62,1555405,FC ST. Gallen,Lausanne,207,,,,2026-10-11
63,1575516,Moreirense,GIL Vicente,94,,,,2026-10-09
64,1575512,SC Braga,Sporting CP,94,,,,2026-10-09
65,1575513,Casa Pia,Santa Clara,94,,,,2026-10-10
66,1575515,Maritimo,FC Porto,94,,,,2026-10-10
67,1575509,Academico Viseu,Estoril,94,,,,2026-10-10
68,1575517,Rio Ave,Nacional,94,,,,2026-10-11
69,1575511,Benfica,Vitória SC,94,,,,2026-10-11
70,1575510,Arouca,Estrela,94,,,,2026-10-11
71,1575514,Famalicao,Alverca,94,,,,2026-10-12
72,1584424,Galatasaray,Kasımpaşa,203,,,,2026-10-09
73,1584426,Gençlerbirliği S.K.,Amed,203,,,,2026-10-10
74,1584421,Alanyaspor,Erzurumspor FK,203,,,,2026-10-10
75,1584429,Samsunspor,Trabzonspor,203,,,,2026-10-10
76,1584428,Rizespor,Fenerbahçe,203,,,,2026-10-10
77,1584427,Konyaspor,Başakşehir,203,,,,2026-10-11
78,1584425,Gaziantep FK,Çorum FK,203,,,,2026-10-11
79,1584422,Beşiktaş,Kocaelispor,203,,,,2026-10-11
80,1584423,Eyüpspor,Göztepe,203,,,,2026-10-12
81,1558644,SK Beveren,Lommel United,144,,,,2026-10-09
82,1558645,Cercle Brugge,Anderlecht,144,,,,2026-10-10
83,1558648,RAAL La Louvière,Club Brugge KV,144,,,,2026-10-10
84,1558651,Zulte Waregem,Gent,144,,,,2026-10-10
85,1558646,Genk,Kortrijk,144,,,,2026-10-10
86,1558650,Standard Liege,Charleroi,144,,,,2026-10-11
87,1558649,Union St. Gilloise,OH Leuven,144,,,,2026-10-11
88,1558652,KVC Westerlo,Antwerp,144,,,,2026-10-11
89,1558647,KV Mechelen,St. Truiden,144,,,,2026-10-11
90,1593329,Olympiakos Piraeus,Panathinaikos,197,2.0,3.2,3.6,2026-10-10
91,1593324,AEK Athens FC,OFI,197,1.2,6.0,13.0,2026-10-10
92,1593330,PAOK,Kalamata,197,1.18,6.0,13.0,2026-10-10
93,1593326,Asteras Tripolis,Atromitos,197,2.4,3.1,2.88,2026-10-10
94,1593325,Aris Thessalonikis,Volos NFC,197,1.7,3.5,4.75,2026-10-10
95,1593328,Kifisia,Panetolikos,197,2.05,3.2,3.4,2026-10-10
96,1593327,Iraklis 1908,Levadiakos,197,2.35,3.2,2.88,2026-10-10
97,1492318,Sao Paulo,Santos,71,2.05,3.4,3.8,2026-10-02
98,1492310,Atletico-MG,RB Bragantino,71,2.05,3.4,3.7,2026-10-03
99,1492395,Internacional,Corinthians,71,2.1,3.1,3.5,2026-10-07
100,1492392,RB Bragantino,Mirassol,71,1.75,3.5,4.5,2026-10-07
101,1492397,Remo,Gremio,71,2.15,3.2,3.2,2026-10-07
102,1492399,Vitoria,Chapecoense-sc,71,1.67,3.75,4.75,2026-10-07
103,1492391,Botafogo,Vasco DA Gama,71,2.8,3.4,2.38,2026-10-07
104,1492393,Cruzeiro,Sao Paulo,71,1.85,3.3,4.1,2026-10-08
105,1492398,Santos,Flamengo,71,4.1,3.6,1.8,2026-10-08
106,1492390,Atletico Paranaense,Atletico-MG,71,2.05,3.25,3.6,2026-10-08
107,1492396,Palmeiras,Bahia,71,1.53,4.0,5.75,2026-10-09
108,1492394,Fluminense,Coritiba,71,1.45,4.1,6.5,2026-10-09
109,1492409,Vasco DA Gama,Remo,71,,,,2026-10-10
110,1492408,Sao Paulo,Vitoria,71,,,,2026-10-11
111,1492400,Atletico-MG,Santos,71,,,,2026-10-11
112,1492407,Palmeiras,Corinthians,71,,,,2026-10-11
113,1492405,Flamengo,Fluminense,71,,,,2026-10-11
114,1492406,Gremio,Internacional,71,,,,2026-10-11
115,1492401,Bahia,Mirassol,71,,,,2026-10-11
116,1492404,Coritiba,Botafogo,71,,,,2026-10-12
117,1492403,Chapecoense-sc,Atletico Paranaense,71,,,,2026-10-12
118,1492402,RB Bragantino,Cruzeiro,71,,,,2026-10-13
119,1556673,Heart Of Midlothian,ST Mirren,179,1.53,4.2,5.5,2026-10-10
120,1556675,Rangers,Kilmarnock,179,1.18,6.5,12.0,2026-10-10
121,1556671,Dundee Utd,Hibernian,179,2.8,3.5,2.3,2026-10-10
122,1556672,Falkirk,Dundee,179,1.95,3.6,3.5,2026-10-10
123,1556674,Motherwell,Celtic,179,6.0,4.5,1.44,2026-10-11
124,1556670,Aberdeen,ST Johnstone,179,2.1,3.5,3.25,2026-10-11
125,1556866,Livingston,Ayr Utd,180,1.55,3.8,5.0,2026-10-03
126,1556868,Partick,Arbroath,180,1.4,3.9,7.0,2026-10-03
127,1556867,Morton,Raith Rovers,180,4.5,3.6,1.65,2026-10-03
128,1556874,Livingston,Partick,180,,,,2026-10-10
129,1556873,Inverness CT,Stenhousemuir,180,,,,2026-10-10
130,1556875,Raith Rovers,Queen's Park,180,,,,2026-10-10
131,1556872,Ayr Utd,Dunfermline,180,,,,2026-10-10
132,1556871,Arbroath,Morton,180,,,,2026-10-10
133,1556869,Queen's Park,Inverness CT,180,4.75,3.6,1.6,2026-10-13
134,1507076,Daejeon Citizen,Jeonbuk Motors,292,,,,2026-10-09
135,1507077,Gangwon FC,Bucheon FC 1995,292,,,,2026-10-09
136,1507078,Incheon United,Pohang Steelers,292,,,,2026-10-09
137,1507079,FC Seoul,Jeju United FC,292,,,,2026-10-10
138,1507080,Gimcheon Sangmu FC,FC Anyang,292,,,,2026-10-10
139,1507081,Gwangju FC,Ulsan Hyundai FC,292,,,,2026-10-11
140,1493161,Independiente,Instituto Cordoba,128,2.25,3.0,3.6,2026-10-02
141,1493155,Boca Juniors,Union Santa Fe,128,1.55,3.6,6.5,2026-10-03
142,1493162,Independ. Rivadavia,Gimnasia L.P.,128,1.83,3.3,4.33,2026-10-03
143,1493156,Defensa Y Justicia,San Lorenzo,128,2.1,3.1,3.6,2026-10-03
144,1493153,Atletico Tucuman,Barracas Central,128,1.9,3.0,4.75,2026-10-03
145,1493163,Newells Old Boys,Lanus,128,2.9,2.88,2.62,2026-10-03
146,1493160,Huracan,Aldosivi,128,1.67,3.4,6.5,2026-10-04
147,1493164,Sarmiento Junin,River Plate,128,,,,2026-10-04
148,1493165,Talleres Cordoba,Belgrano Cordoba,128,2.6,3.0,3.0,2026-10-04
149,1493152,Argentinos JRS,Tigre,128,1.83,3.1,4.75,2026-10-04
150,1493159,Estudiantes de Rio Cuarto,Racing Club,128,4.33,3.2,1.95,2026-10-05
151,1493157,Deportivo Riestra,Central Cordoba de Santiago,128,1.9,3.25,4.2,2026-10-05
152,1493166,Velez Sarsfield,Platense,128,1.9,3.0,4.75,2026-10-05
153,1493158,Estudiantes L.P.,Gimnasia M.,128,1.65,3.4,5.75,2026-10-05
154,1493154,Banfield,Rosario Central,128,4.0,3.1,2.0,2026-10-06
155,1493170,Gimnasia L.P.,Atletico Tucuman,128,2.2,3.0,3.5,2026-10-11
156,1493176,River Plate,Estudiantes de Rio Cuarto,128,,,,2026-10-11
157,1493175,Racing Club,Belgrano Cordoba,128,,,,2026-10-11
158,1493177,Rosario Central,Independ. Rivadavia,128,,,,2026-10-11
159,1493181,Union Santa Fe,Defensa Y Justicia,128,2.2,3.0,3.3,2026-10-11
160,1493173,Lanus,Velez Sarsfield,128,2.2,2.88,3.6,2026-10-11
161,1493180,Tigre,Banfield,128,,,,2026-10-11
162,1493179,Talleres Cordoba,Independiente,128,,,,2026-10-11
163,1493178,San Lorenzo,Deportivo Riestra,128,2.2,2.8,3.75,2026-10-11
164,1493167,Aldosivi,Sarmiento Junin,128,,,,2026-10-11
165,1493172,Instituto Cordoba,Boca Juniors,128,2.8,2.9,2.75,2026-10-11
166,1493174,Platense,Argentinos JRS,128,3.5,3.0,2.25,2026-10-11
167,1493169,Central Cordoba de Santiago,Estudiantes L.P.,128,3.75,2.9,2.1,2026-10-11
168,1493171,Gimnasia M.,Newells Old Boys,128,,,,2026-10-11
169,1493168,Barracas Central,Huracan,128,3.2,2.75,2.55,2026-10-11
170,1636293,Lyon,Crystal Palace,3,,,,2026-10-15
171,1636222,AZ Alkmaar,Hapoel Beer Sheva,3,,,,2026-10-15
172,1636279,Lech Poznan,Bayer Leverkusen,3,,,,2026-10-15
173,1636332,Red Bull Salzburg,AC Milan,3,,,,2026-10-15
174,1636338,Sparta Praha,Lillestrom,3,,,,2026-10-15
175,1636328,Union St. Gilloise,Real Sociedad,3,,,,2026-10-15
176,1636239,Celje,Omonia Nicosia,3,,,,2026-10-15
177,1636350,Torreense,Sunderland,3,,,,2026-10-15
178,1636236,Bournemouth,Sturm Graz,3,,,,2026-10-15
179,1636295,Marseille,Olympiakos Piraeus,3,,,,2026-10-15
180,1636326,Rennes,OFI,3,,,,2026-10-15
181,1636268,1899 Hoffenheim,Beşiktaş,3,,,,2026-10-15
182,1636228,Benfica,Celtic,3,,,,2026-10-15
183,1636274,Jagiellonia,Ararat-Armenia,3,,,,2026-10-15
184,1636300,NEC Nijmegen,Levski Sofia,3,,,,2026-10-15
185,1636243,Celta Vigo,Juventus,3,,,,2026-10-15
186,1636256,Dinamo Zagreb,Anderlecht,3,,,,2026-10-15
187,1636260,Ferencvarosi TC,Plzen,3,,,,2026-10-15
188,1635679,Lens,Sporting CP,2,,,,2026-10-13
189,1635721,Sabah FA,Slavia Praha,2,,,,2026-10-13
190,1635612,Arsenal,Lille,2,,,,2026-10-13
191,1635711,RB Leipzig,PSV Eindhoven,2,,,,2026-10-13
192,1635671,Inter,Club Brugge KV,2,,,,2026-10-13
193,1635623,Atletico Madrid,Manchester United,2,,,,2026-10-13
194,1635748,Villarreal,Napoli,2,,,,2026-10-13
195,1635666,Galatasaray,Barcelona,2,,,,2026-10-13
196,1635742,Viking,Bayern München,2,,,,2026-10-13
197,1635665,Feyenoord,Como,2,,,,2026-10-14
198,1635674,Lask Linz,Liverpool,2,,,,2026-10-14
199,1635690,Manchester City,Paris Saint Germain,2,,,,2026-10-14
200,1635620,Aston Villa,Fenerbahçe,2,,,,2026-10-14
201,1635639,Bodo/Glimt,Borussia Dortmund,2,,,,2026-10-14
202,1635614,AS Roma,Real Madrid,2,,,,2026-10-14
203,1635635,Real Betis,FC Porto,2,,,,2026-10-14
204,1635725,Shakhtar Donetsk,AEK Athens FC,2,,,,2026-10-14
205,1635733,Slovan Bratislava,VfB Stuttgart,2,,,,2026-10-14
206,1612249,Olympic El Qanah,AL Masry,233,,,,2026-10-11
207,1612250,Zamalek SC,Al Ahly,233,,,,2026-10-11
208,1612251,El Mokawloon,Masr,233,,,,2026-10-12
209,1612252,Future FC,Enppi,233,,,,2026-10-12
210,1612253,Pyramids FC,Ceramica Cleopatra,233,,,,2026-10-12
211,1612254,Smouha SC,Ghazl El Mehalla,233,,,,2026-10-12
212,1612256,National Bank of Egypt,El Geish,233,,,,2026-10-13
213,1612255,Abu Qair Semad,Asyut Petrol,233,,,,2026-10-13
214,1612258,Petrojet,Wadi Degla,233,,,,2026-10-13
215,1612257,Al Ittihad,El Gouna FC,233,,,,2026-10-13
216,1550985,Club Queretaro,Atlante FC,262,,,,2026-10-10
217,1550984,Puebla,Leon,262,,,,2026-10-10
218,1550986,Tigres UANL,Toluca,262,,,,2026-10-10
219,1550987,FC Juarez,Club Tijuana,262,,,,2026-10-10
220,1550988,Atlas,Guadalajara Chivas,262,,,,2026-10-11
221,1550989,Club America,Monterrey,262,,,,2026-10-11
222,1550991,CF Pachuca,Necaxa,262,,,,2026-10-11
223,1550990,Atletico San Luis,Santos Laguna,262,,,,2026-10-11
224,1550992,U.N.A.M. - Pumas,Cruz Azul,262,,,,2026-10-12
225,1552489,Montpellier,Grenoble,62,,,,2026-10-09
226,1552490,Nancy,Guingamp,62,,,,2026-10-09
227,1552493,Sochaux,Boulogne,62,,,,2026-10-09
228,1552492,PAU,Laval,62,,,,2026-10-09
229,1552488,Dunkerque,Annecy,62,,,,2026-10-09
230,1552491,Nantes,Reims,62,,,,2026-10-10
231,1552486,Clermont Foot,RED Star FC 93,62,,,,2026-10-10
232,1552494,Saint Etienne,Rodez,62,,,,2026-10-10
233,1552487,Dijon,Metz,62,,,,2026-10-12
234,1576192,Hertha BSC,SpVgg Greuther Fürth,79,,,,2026-10-10
235,1576194,1. FC Nürnberg,VfL Wolfsburg,79,,,,2026-10-10
236,1576188,VfL Bochum,Arminia Bielefeld,79,,,,2026-10-10
237,1576193,1. FC Magdeburg,Hannover 96,79,,,,2026-10-10
238,1576191,1. FC Heidenheim,1. FC Kaiserslautern,79,,,,2026-10-10
239,1576190,SV Darmstadt 98,Energie Cottbus,79,,,,2026-10-10
240,1576195,FC St. Pauli,Karlsruher SC,79,,,,2026-10-10
241,1576189,Eintracht Braunschweig,Holstein Kiel,79,,,,2026-10-10
242,1576196,VfL Osnabrück,Dynamo Dresden,79,,,,2026-10-10
243,1601545,Benevento,Cesena,136,,,,2026-10-10
244,1601547,Empoli,Palermo,136,,,,2026-10-10
245,1601548,Virtus Entella,Juve Stabia,136,,,,2026-10-10
246,1601544,Avellino,Sampdoria,136,,,,2026-10-10
247,1601551,Padova,Carrarese,136,,,,2026-10-10
248,1601543,Arezzo,Cremonese,136,,,,2026-10-10
249,1601550,Modena,Hellas Verona,136,,,,2026-10-10
250,1601552,Sudtirol,Ascoli,136,,,,2026-10-10
251,1601549,Vicenza Virtus,Pisa,136,,,,2026-10-10
252,1601546,Catanzaro,Mantova,136,,,,2026-10-10
253,1563190,West Ham,QPR,40,1.42,4.5,6.25,2026-10-09
254,1563189,West Brom,Birmingham,40,2.2,3.25,3.1,2026-10-10
255,1563187,Swansea,Norwich,40,2.45,3.4,2.62,2026-10-10
256,1563181,Charlton,Bristol City,40,3.2,3.25,2.15,2026-10-10
257,1563188,Watford,Burnley,40,2.7,3.3,2.45,2026-10-10
258,1563184,Preston,Millwall,40,2.6,3.25,2.55,2026-10-10
259,1563185,Sheffield Utd,Lincoln,40,1.85,3.5,3.9,2026-10-10
260,1563179,Blackburn,Cardiff,40,2.35,3.5,2.7,2026-10-10
261,1563180,Bolton,Stoke City,40,2.7,3.25,2.45,2026-10-10
262,1563182,Derby,Wrexham,40,2.9,3.2,2.35,2026-10-10
263,1563183,Middlesbrough,Wolves,40,2.05,3.5,3.25,2026-10-10
264,1563186,Southampton,Portsmouth,40,1.48,4.1,6.0,2026-10-11
265,1563197,Wolves,Bolton,40,,,,2026-10-13
266,1563194,Cardiff,Watford,40,,,,2026-10-13
267,1563193,Burnley,Charlton,40,,,,2026-10-13
268,1563192,Bristol City,Blackburn,40,,,,2026-10-13
269,1563195,Millwall,Swansea,40,,,,2026-10-13
270,1563198,Wrexham,West Brom,40,,,,2026-10-13
271,1563191,Birmingham,Preston,40,,,,2026-10-13
272,1563196,Stoke City,Middlesbrough,40,,,,2026-10-13
273,1563200,Norwich,Southampton,40,,,,2026-10-14
274,1563202,QPR,Derby,40,,,,2026-10-14
275,1563201,Portsmouth,Sheffield Utd,40,,,,2026-10-14
276,1563199,Lincoln,West Ham,40,,,,2026-10-14
277,1569953,Eldense,Oviedo,141,2.7,3.1,2.7,2026-10-02
278,1569948,Albacete,Eibar,141,2.75,3.3,2.5,2026-10-03
279,1569949,Almeria,Burgos,141,1.6,3.6,6.25,2026-10-03
280,1569950,Cadiz,Leganes,141,2.8,3.2,2.55,2026-10-03
281,1569958,Sabadell,FC Andorra,141,,,,2026-10-03
282,1569957,Real Sociedad II,Granada CF,141,2.62,3.2,2.7,2026-10-04
283,1569954,Sporting Gijon,Celta de Vigo II,141,1.55,4.0,6.0,2026-10-04
284,1569956,Las Palmas,Valladolid,141,2.2,3.2,3.4,2026-10-04
285,1569951,Castellón,AD Ceuta FC,141,1.25,6.0,10.0,2026-10-04
286,1569955,Girona,Mallorca,141,2.1,3.4,3.4,2026-10-04
287,1569952,Cordoba,Tenerife,141,1.85,3.5,4.2,2026-10-05
288,1569964,AD Ceuta FC,Sabadell,141,,,,2026-10-10
289,1569965,Eldense,Cordoba,141,,,,2026-10-10
290,1569963,Celta de Vigo II,Real Sociedad II,141,,,,2026-10-10
291,1569960,FC Andorra,Castellón,141,,,,2026-10-11
292,1569959,Almeria,Leganes,141,,,,2026-10-11
293,1569966,Mallorca,Las Palmas,141,,,,2026-10-11
294,1569962,Cadiz,Sporting Gijon,141,,,,2026-10-11
295,1569969,Valladolid,Albacete,141,,,,2026-10-12
296,1569961,Burgos,Granada CF,141,,,,2026-10-12
297,1569967,Oviedo,Eibar,141,,,,2026-10-12
298,1569968,Tenerife,Girona,141,,,,2026-10-12
299,1561406,FC Rostov,Akron,235,1.79,3.74,4.65,2026-10-09
300,1561409,FC Orenburg,Dinamo Makhachkala,235,2.57,3.38,2.8,2026-10-10
301,1561405,Fakel,Lokomotiv,235,2.77,3.24,2.69,2026-10-10
302,1561408,Krylia Sovetov,Spartak Moscow,235,4.7,3.88,1.75,2026-10-10
303,1561407,FC Krasnodar,Zenit,235,2.7,3.38,2.66,2026-10-10
304,1561403,Akhmat,Baltika,235,2.34,3.3,3.22,2026-10-11
305,1561404,CSKA Moscow,Rodina Moskva,235,1.31,5.35,11.0,2026-10-11
306,1561410,Rubin,Dynamo,235,3.08,3.32,2.41,2026-10-11
